{
    "lighting": "none",
    "matrix": {
        "rows": 4,
        "cols": 10
    },
    "layouts": {
        "keymap":[
          [
            {
              "x": 2
            },
            "0,2",
            {
              "x": 7
            },
            "0,7"
          ],
          [
            {
              "y": -0.85,
              "x": 1
            },
            "0,1"
          ],
          [
            {
              "y": -0.9999999999999999,
              "x": 3
            },
            "0,3"
          ],
          [
            {
              "y": -0.9999999999999999,
              "x": 9
            },
            "0,6"
          ],
          [
            {
              "y": -0.9999999999999999,
              "x": 11
            },
            "0,8"
          ],
          [
            {
              "y": -0.7999999999999999,
              "x": 4
            },
            "0,4",
            {
              "x": 3
            },
            "0,5"
          ],
          [
            {
              "y": -0.8500000000000001
            },
            "0,0",
            {
              "x": 11
            },
            "0,9"
          ],
          [
            {
              "y": -0.5,
              "x": 2
            },
            "1,2",
            {
              "x": 7
            },
            "1,7"
          ],
          [
            {
              "y": -0.8500000000000001,
              "x": 1
            },
            "1,1",
            {
              "x": 1
            },
            "1,3",
            {
              "x": 5
            },
            "1.6",
            {
              "x": 1
            },
            "1,8"
          ],
          [
            {
              "y": -0.7999999999999998,
              "x": 4
            },
            "1,4",
            {
              "x": 3
            },
            "1,5"
          ],
          [
            {
              "y": -0.8500000000000001
            },
            "1,0",
            {
              "x": 11
            },
            "1,9"
          ],
          [
            {
              "y": -0.5,
              "x": 2
            },
            "2,2",
            {
              "x": 7
            },
            "2,7"
          ],
          [
            {
              "y": -0.8500000000000001,
              "x": 1
            },
            "2,1",
            {
              "x": 1
            },
            "2,3",
            {
              "x": 5
            },
            "2,6",
            {
              "x": 1
            },
            "2,8"
          ],
          [
            {
              "y": -0.7999999999999998,
              "x": 4
            },
            "2,4",
            {
              "x": 3
            },
            "2,5"
          ],
          [
            {
              "y": -0.8500000000000001
            },
            "2,0",
            {
              "x": 11[
                [
                  {
                    "x": 2
                  },
                  "0,2",
                  {
                    "x": 7
                  },
                  "0,7"
                ],
                [
                  {
                    "y": -0.85,
                    "x": 1
                  },
                  "0,1"
                ],
                [
                  {
                    "y": -0.9999999999999999,
                    "x": 3
                  },
                  "0,3"
                ],
                [
                  {
                    "y": -0.9999999999999999,
                    "x": 9
                  },
                  "0,6"
                ],
                [
                  {
                    "y": -0.9999999999999999,
                    "x": 11
                  },
                  "0,8"
                ],
                [
                  {
                    "y": -0.7999999999999999,
                    "x": 4
                  },
                  "0,4",
                  {
                    "x": 3
                  },
                  "0,5"
                ],
                [
                  {
                    "y": -0.8500000000000001
                  },
                  "0,0",
                  {
                    "x": 11
                  },
                  "0,9"
                ],
                [
                  {
                    "y": -0.5,
                    "x": 2
                  },
                  "1,2",
                  {
                    "x": 7
                  },
                  "1,7"
                ],
                [
                  {
                    "y": -0.8500000000000001,
                    "x": 1
                  },
                  "1,1",
                  {
                    "x": 1
                  },
                  "1,3",
                  {
                    "x": 5
                  },
                  "1.6",
                  {
                    "x": 1
                  },
                  "1,8"
                ],
                [
                  {
                    "y": -0.7999999999999998,
                    "x": 4
                  },
                  "1,4",
                  {
                    "x": 3
                  },
                  "1,5"
                ],
                [
                  {
                    "y": -0.8500000000000001
                  },
                  "1,0",
                  {
                    "x": 11
                  },
                  "1,9"
                ],
                [
                  {
                    "y": -0.5,
                    "x": 2
                  },
                  "2,2",
                  {
                    "x": 7
                  },
                  "2,7"
                ],
                [
                  {
                    "y": -0.8500000000000001,
                    "x": 1
                  },
                  "2,1",
                  {
                    "x": 1
                  },
                  "2,3",
                  {
                    "x": 5
                  },
                  "2,6",
                  {
                    "x": 1
                  },
                  "2,8"
                ],
                [
                  {
                    "y": -0.7999999999999998,
                    "x": 4
                  },
                  "2,4",
                  {
                    "x": 3
                  },
                  "2,5"
                ],
                [
                  {
                    "y": -0.8500000000000001
                  },
                  "2,0",
                  {
                    "x": 11
                  },
                  "2,9"
                ],
                [
                  {
                    "y": -0.1499999999999999,
                    "x": 2.5
                  },
                  "3,2",
                  {
                    "x": 6
                  },
                  "3,7"
                ],
                [
                  {
                    "r": 14,
                    "y": -1.9999999999999996,
                    "x": 4.5
                  },
                  "3,3"
                ],
                [
                  {
                    "r": 30,
                    "y": -3.1,
                    "x": 6.25,
                    "h": 1.5
                  },
                  "3,4"
                ],
                [
                  {
                    "r": -30,
                    "y": 5.5,
                    "x": 4,
                    "h": 1.5
                  },
                  "3,5"
                ],
                [
                  {
                    "r": -15,
                    "y": -2.0999999999999996,
                    "x": 7
                  },
                  "3,6"
                ]
              ]
            },